<?xml version="1.0" encoding="utf-8"?>
<LinearLayout xmlns:android="http://schemas.android.com/apk/res/android"
    xmlns:app="http://schemas.android.com/apk/res-auto"
    android:layout_width="match_parent"
    android:layout_height="match_parent"
    android:orientation="vertical"
    android:padding="20dp"
    android:weightSum="260">

    <LinearLayout
        android:layout_width="wrap_content"
        android:layout_height="wrap_content"
        android:layout_gravity="center">

        <TextView
            android:layout_width="wrap_content"
            android:layout_height="wrap_content"
            android:background="#000000"
            android:text="레이아웃"
            android:textColor="#FFFFFF"
            android:textSize="20dp"></TextView>
    </LinearLayout>

    <LinearLayout
        android:layout_width="match_parent"
        android:layout_height="wrap_content"
        android:paddingTop="20dp">

        <TextView
            android:layout_width="wrap_content"
            android:layout_height="wrap_content"
            android:text="레이아웃 어렵지 않아요."
            android:textColor="#000000"
            android:textSize="18dp"></TextView>
    </LinearLayout>

    <LinearLayout
        android:layout_width="match_parent"
        android:layout_height="wrap_content"
        android:paddingTop="20dp">

        <RelativeLayout
            android:layout_width="match_parent"
            android:layout_height="wrap_content">

            <ImageView
                android:id="@+id/imageView1"
                android:layout_width="100dp"
                android:layout_height="100dp"
                android:layout_alignParentLeft="true"
                android:layout_centerVertical="true"
                android:layout_margin="10dp"
                app:srcCompat="@drawable/image_small"></ImageView>

            <TextView
                android:id="@+id/relative_textView1"
                android:layout_width="wrap_content"
                android:layout_height="wrap_content"
                android:layout_above="@id/relative_textView2"
                android:layout_alignLeft="@id/relative_textView2"
                android:text="나의 사진"
                android:textColor="#000000"
                android:textSize="14dp"></TextView>

            <TextView
                android:id="@+id/relative_textView2"
                android:layout_width="wrap_content"
                android:layout_height="wrap_content"
                android:layout_alignBottom="@id/imageView1"
                android:layout_toRightOf="@id/imageView1"
                android:paddingTop="20dp"
                android:text="안드로이드를 이용해서 멋진 모바일 앱을 만들어 보아요."
                android:textColor="#000000"
                android:textSize="14dp"></TextView>
        </RelativeLayout>
    </LinearLayout>

    <LinearLayout
        android:layout_width="match_parent"
        android:layout_height="wrap_content"
        android:orientation="vertical"
        android:paddingTop="20dp">

        <LinearLayout
            android:layout_width="match_parent"
            android:layout_height="wrap_content"
            android:orientation="horizontal">

            <TextView
                android:id="@+id/textView1"
                android:layout_width="100dp"
                android:layout_height="wrap_content"
                android:gravity="left"
                android:text="ID"
                android:textColor="#000000"
                android:textSize="18dp" />

            <EditText
                android:id="@+id/editText1"
                android:layout_width="0dp"
                android:layout_height="wrap_content"
                android:layout_weight="3"
                android:ems="10"
                android:inputType="textPersonName"
                android:textSize="14dp" />
        </LinearLayout>

        <LinearLayout
            android:layout_width="match_parent"
            android:layout_height="wrap_content"
            android:orientation="horizontal">

            <TextView
                android:id="@+id/textView2"
                android:layout_width="100dp"
                android:layout_height="wrap_content"
                android:gravity="left"
                android:text="Password"
                android:textColor="#000000"
                android:textSize="18dp" />

            <EditText
                android:id="@+id/editText2"
                android:layout_width="0dp"
                android:layout_height="wrap_content"
                android:layout_weight="3"
                android:ems="10"
                android:inputType="textPersonName"
                android:textSize="14dp" />
        </LinearLayout>
    </LinearLayout>

    <LinearLayout
        android:layout_width="wrap_content"
        android:layout_height="match_parent"
        android:layout_gravity="right"
        android:gravity="bottom">

        <Button
            android:layout_width="wrap_content"
            android:layout_height="wrap_content"
            android:text="나가기"
            android:textSize="18dp" />

        <Button
            android:layout_width="wrap_content"
            android:layout_height="wrap_content"
            android:text="저장하기"
            android:textSize="18dp" />
    </LinearLayout>
</LinearLayout>